user_id,prc_10,prc_5,prc_3,ap_10,ap_5,ap_3,rr_10,rr_5,rr_3
1,0.4,0.2,0.0,0.2306349206349206,0.04,0.0,0.2,0.2,0.0
4,0.3,0.2,0.3333333333333333,0.37440476190476185,0.45666666666666667,0.611111111111111,1.0,1.0,1.0
5,0.3,0.4,0.0,0.22773809523809524,0.13,0.0,0.25,0.25,0.0
6,0.3,0.4,0.3333333333333333,0.31246031746031744,0.3466666666666667,0.27777777777777773,0.5,0.5,0.5
7,0.3,0.4,0.6666666666666666,0.5503571428571428,0.7133333333333333,0.8888888888888888,1.0,1.0,1.0
8,0.2,0.2,0.3333333333333333,0.2140079365079365,0.25666666666666665,0.27777777777777773,0.5,0.5,0.5
9,0.2,0.2,0.0,0.11817460317460318,0.04,0.0,0.2,0.2,0.0
10,0.2,0.2,0.3333333333333333,0.3265079365079365,0.45666666666666667,0.611111111111111,1.0,1.0,1.0
11,0.3,0.4,0.3333333333333333,0.26107142857142857,0.19666666666666666,0.1111111111111111,0.3333333333333333,0.3333333333333333,0.3333333333333333
12,0.4,0.4,0.3333333333333333,0.514920634920635,0.5466666666666666,0.611111111111111,1.0,1.0,1.0
14,0.2,0.0,0.0,0.05472222222222223,0.0,0.0,0.125,0.0,0.0
15,0.2,0.4,0.6666666666666666,0.3357936507936508,0.4133333333333333,0.38888888888888884,0.5,0.5,0.5
16,0.3,0.6,0.6666666666666666,0.5703571428571428,0.7533333333333333,0.8888888888888888,1.0,1.0,1.0
17,0.2,0.2,0.3333333333333333,0.2265079365079365,0.25666666666666665,0.27777777777777773,0.5,0.5,0.5
18,0.1,0.2,0.0,0.08456349206349206,0.04,0.0,0.2,0.2,0.0
19,0.2,0.4,0.6666666666666666,0.48579365079365083,0.7133333333333333,0.8888888888888888,1.0,1.0,1.0
20,0.4,0.6,1.0,0.6765873015873016,0.8699999999999999,1.0,1.0,1.0,1.0
21,0.4,0.6,0.6666666666666666,0.509920634920635,0.5033333333333333,0.38888888888888884,0.5,0.5,0.5
22,0.2,0.2,0.3333333333333333,0.20289682539682538,0.25666666666666665,0.27777777777777773,0.5,0.5,0.5
23,0.2,0.2,0.0,0.14317460317460318,0.09,0.0,0.25,0.25,0.0
24,0.3,0.2,0.3333333333333333,0.21746031746031744,0.15666666666666665,0.1111111111111111,0.3333333333333333,0.3333333333333333,0.3333333333333333
25,0.4,0.4,0.6666666666666666,0.5048015873015873,0.6133333333333333,0.7222222222222222,1.0,1.0,1.0
27,0.4,0.4,0.6666666666666666,0.5048015873015873,0.6133333333333333,0.7222222222222222,1.0,1.0,1.0
28,0.1,0.2,0.0,0.10956349206349207,0.09,0.0,0.25,0.25,0.0
29,0.4,0.6,1.0,0.6623015873015874,0.8699999999999999,1.0,1.0,1.0,1.0
30,0.4,0.4,0.3333333333333333,0.46035714285714285,0.5466666666666666,0.611111111111111,1.0,1.0,1.0
31,0.2,0.0,0.0,0.0815079365079365,0.0,0.0,0.14285714285714285,0.0,0.0
32,0.2,0.2,0.3333333333333333,0.19079365079365077,0.15666666666666665,0.1111111111111111,0.3333333333333333,0.3333333333333333,0.3333333333333333
33,0.2,0.0,0.0,0.043611111111111114,0.0,0.0,0.125,0.0,0.0
34,0.4,0.6,0.3333333333333333,0.3581349206349206,0.2866666666666666,0.1111111111111111,0.3333333333333333,0.3333333333333333,0.3333333333333333
38,0.0,0.0,0.0,0.0,0.0,0.0,0.0,0.0,0.0
39,0.4,0.4,0.0,0.2756349206349206,0.13,0.0,0.25,0.25,0.0
40,0.3,0.2,0.0,0.15912698412698412,0.04,0.0,0.2,0.2,0.0
41,0.0,0.0,0.0,0.0,0.0,0.0,0.0,0.0,0.0
42,0.4,0.4,0.3333333333333333,0.358968253968254,0.2966666666666667,0.27777777777777773,0.5,0.5,0.5
43,0.2,0.2,0.0,0.11817460317460318,0.04,0.0,0.2,0.2,0.0
44,0.1,0.0,0.0,0.03361111111111111,0.0,0.0,0.125,0.0,0.0
45,0.4,0.4,0.0,0.2756349206349206,0.13,0.0,0.25,0.25,0.0
46,0.3,0.6,0.6666666666666666,0.5953571428571428,0.8033333333333333,0.8888888888888888,1.0,1.0,1.0
47,0.3,0.2,0.3333333333333333,0.22857142857142856,0.15666666666666665,0.1111111111111111,0.3333333333333333,0.3333333333333333,0.3333333333333333
48,0.5,0.8,0.6666666666666666,0.563531746031746,0.5433333333333333,0.38888888888888884,0.5,0.5,0.5
49,0.3,0.6,0.6666666666666666,0.5703571428571428,0.7533333333333333,0.8888888888888888,1.0,1.0,1.0
50,0.3,0.6,0.6666666666666666,0.5203571428571429,0.6533333333333333,0.7222222222222222,1.0,1.0,1.0
51,0.3,0.4,0.3333333333333333,0.2920238095238096,0.19666666666666666,0.1111111111111111,0.3333333333333333,0.3333333333333333,0.3333333333333333
52,0.3,0.0,0.0,0.12246031746031745,0.0,0.0,0.16666666666666666,0.0,0.0
53,0.1,0.0,0.0,0.06456349206349207,0.0,0.0,0.16666666666666666,0.0,0.0
56,0.5,0.4,0.3333333333333333,0.3800793650793651,0.2966666666666667,0.27777777777777773,0.5,0.5,0.5
57,0.4,0.6,0.6666666666666666,0.616468253968254,0.8033333333333333,0.8888888888888888,1.0,1.0,1.0
58,0.3,0.2,0.0,0.19523809523809524,0.09,0.0,0.25,0.25,0.0
59,0.3,0.4,0.3333333333333333,0.4360714285714285,0.5466666666666666,0.611111111111111,1.0,1.0,1.0
61,0.2,0.2,0.0,0.15746031746031747,0.09,0.0,0.25,0.25,0.0
62,0.2,0.0,0.0,0.043611111111111114,0.0,0.0,0.125,0.0,0.0
63,0.4,0.6,0.3333333333333333,0.5206349206349207,0.5866666666666667,0.611111111111111,1.0,1.0,1.0
64,0.2,0.4,0.3333333333333333,0.2774603174603175,0.2966666666666667,0.27777777777777773,0.5,0.5,0.5
65,0.3,0.4,0.3333333333333333,0.3874603174603174,0.4966666666666666,0.611111111111111,1.0,1.0,1.0
66,0.2,0.2,0.0,0.15746031746031747,0.09,0.0,0.25,0.25,0.0
67,0.3,0.4,0.3333333333333333,0.3003571428571429,0.24666666666666667,0.1111111111111111,0.3333333333333333,0.3333333333333333,0.3333333333333333
68,0.3,0.2,0.3333333333333333,0.25535714285714284,0.15666666666666665,0.1111111111111111,0.3333333333333333,0.3333333333333333,0.3333333333333333
69,0.2,0.2,0.3333333333333333,0.2140079365079365,0.25666666666666665,0.27777777777777773,0.5,0.5,0.5
70,0.1,0.0,0.0,0.047896825396825396,0.0,0.0,0.14285714285714285,0.0,0.0
71,0.2,0.4,0.6666666666666666,0.3357936507936508,0.4133333333333333,0.38888888888888884,0.5,0.5,0.5
72,0.3,0.2,0.3333333333333333,0.2619047619047619,0.25666666666666665,0.27777777777777773,0.5,0.5,0.5
73,0.2,0.2,0.3333333333333333,0.3140079365079365,0.45666666666666667,0.611111111111111,1.0,1.0,1.0
74,0.2,0.2,0.3333333333333333,0.2265079365079365,0.25666666666666665,0.27777777777777773,0.5,0.5,0.5
75,0.3,0.4,0.3333333333333333,0.4360714285714285,0.5466666666666666,0.611111111111111,1.0,1.0,1.0
76,0.1,0.0,0.0,0.021111111111111112,0.0,0.0,0.1111111111111111,0.0,0.0
78,0.4,0.6,0.6666666666666666,0.659920634920635,0.8033333333333333,0.8888888888888888,1.0,1.0,1.0
79,0.3,0.4,0.3333333333333333,0.4670238095238094,0.5466666666666666,0.611111111111111,1.0,1.0,1.0
80,0.2,0.4,0.6666666666666666,0.48579365079365083,0.7133333333333333,0.8888888888888888,1.0,1.0,1.0
82,0.4,0.4,0.3333333333333333,0.5006349206349207,0.5466666666666666,0.611111111111111,1.0,1.0,1.0
83,0.1,0.2,0.0,0.08456349206349206,0.04,0.0,0.2,0.2,0.0
84,0.1,0.2,0.3333333333333333,0.2928968253968254,0.45666666666666667,0.611111111111111,1.0,1.0,1.0
85,0.2,0.2,0.3333333333333333,0.3140079365079365,0.45666666666666667,0.611111111111111,1.0,1.0,1.0
86,0.4,0.2,0.3333333333333333,0.426468253968254,0.45666666666666667,0.611111111111111,1.0,1.0,1.0
88,0.3,0.4,0.3333333333333333,0.4670238095238094,0.5466666666666666,0.611111111111111,1.0,1.0,1.0
89,0.4,0.4,0.3333333333333333,0.41492063492063497,0.3466666666666667,0.27777777777777773,0.5,0.5,0.5
90,0.4,0.4,0.6666666666666666,0.42146825396825394,0.4133333333333333,0.38888888888888884,0.5,0.5,0.5
91,0.2,0.4,0.3333333333333333,0.37746031746031744,0.4966666666666666,0.611111111111111,1.0,1.0,1.0
93,0.4,0.4,0.6666666666666666,0.3794047619047619,0.4133333333333333,0.38888888888888884,0.5,0.5,0.5
95,0.4,0.4,0.6666666666666666,0.3794047619047619,0.4133333333333333,0.38888888888888884,0.5,0.5,0.5
96,0.4,0.4,0.3333333333333333,0.25857142857142856,0.19666666666666666,0.1111111111111111,0.3333333333333333,0.3333333333333333,0.3333333333333333
97,0.3,0.4,0.6666666666666666,0.5069047619047619,0.7133333333333333,0.8888888888888888,1.0,1.0,1.0
98,0.2,0.2,0.0,0.09456349206349206,0.04,0.0,0.2,0.2,0.0
99,0.3,0.4,0.6666666666666666,0.3694047619047619,0.4133333333333333,0.38888888888888884,0.5,0.5,0.5
100,0.4,0.6,0.3333333333333333,0.3581349206349206,0.2866666666666666,0.1111111111111111,0.3333333333333333,0.3333333333333333,0.3333333333333333
101,0.1,0.0,0.0,0.021111111111111112,0.0,0.0,0.1111111111111111,0.0,0.0
102,0.2,0.2,0.0,0.10567460317460317,0.04,0.0,0.2,0.2,0.0
103,0.2,0.2,0.0,0.1741269841269841,0.09,0.0,0.25,0.25,0.0
104,0.2,0.2,0.3333333333333333,0.2140079365079365,0.25666666666666665,0.27777777777777773,0.5,0.5,0.5
105,0.1,0.2,0.3333333333333333,0.1428968253968254,0.15666666666666665,0.1111111111111111,0.3333333333333333,0.3333333333333333,0.3333333333333333
106,0.4,0.8,1.0,0.7382539682539683,0.96,1.0,1.0,1.0,1.0
107,0.2,0.0,0.0,0.11246031746031745,0.0,0.0,0.16666666666666666,0.0,0.0
108,0.2,0.0,0.0,0.0690079365079365,0.0,0.0,0.14285714285714285,0.0,0.0
109,0.2,0.2,0.3333333333333333,0.34079365079365076,0.45666666666666667,0.611111111111111,1.0,1.0,1.0
110,0.3,0.6,0.6666666666666666,0.5203571428571429,0.6533333333333333,0.7222222222222222,1.0,1.0,1.0
111,0.3,0.4,0.3333333333333333,0.32357142857142857,0.3466666666666667,0.27777777777777773,0.5,0.5,0.5
112,0.2,0.4,0.6666666666666666,0.43579365079365073,0.6133333333333333,0.7222222222222222,1.0,1.0,1.0
113,0.4,0.2,0.0,0.16357142857142856,0.04,0.0,0.2,0.2,0.0
115,0.3,0.4,0.3333333333333333,0.27535714285714286,0.19666666666666666,0.1111111111111111,0.3333333333333333,0.3333333333333333,0.3333333333333333
116,0.1,0.2,0.3333333333333333,0.1928968253968254,0.25666666666666665,0.27777777777777773,0.5,0.5,0.5
117,0.2,0.2,0.3333333333333333,0.3574603174603175,0.45666666666666667,0.611111111111111,1.0,1.0,1.0
119,0.1,0.0,0.0,0.021111111111111112,0.0,0.0,0.1111111111111111,0.0,0.0
121,0.1,0.0,0.0,0.01,0.0,0.0,0.1,0.0,0.0
122,0.3,0.6,0.6666666666666666,0.4203571428571428,0.4533333333333333,0.38888888888888884,0.5,0.5,0.5
123,0.3,0.4,0.3333333333333333,0.4503571428571428,0.5466666666666666,0.611111111111111,1.0,1.0,1.0
124,0.5,0.6,0.6666666666666666,0.601468253968254,0.7533333333333333,0.8888888888888888,1.0,1.0,1.0
125,0.0,0.0,0.0,0.0,0.0,0.0,0.0,0.0,0.0
128,0.3,0.4,0.3333333333333333,0.4235714285714286,0.5466666666666666,0.611111111111111,1.0,1.0,1.0
129,0.3,0.4,0.6666666666666666,0.5003571428571428,0.6133333333333333,0.7222222222222222,1.0,1.0,1.0
131,0.3,0.4,0.3333333333333333,0.3003571428571429,0.24666666666666667,0.1111111111111111,0.3333333333333333,0.3333333333333333,0.3333333333333333
132,0.1,0.0,0.0,0.021111111111111112,0.0,0.0,0.1111111111111111,0.0,0.0
135,0.2,0.0,0.0,0.11246031746031745,0.0,0.0,0.16666666666666666,0.0,0.0
136,0.3,0.2,0.0,0.19702380952380952,0.04,0.0,0.2,0.2,0.0
137,0.2,0.2,0.3333333333333333,0.3140079365079365,0.45666666666666667,0.611111111111111,1.0,1.0,1.0
140,0.3,0.4,0.6666666666666666,0.3694047619047619,0.4133333333333333,0.38888888888888884,0.5,0.5,0.5
141,0.3,0.2,0.3333333333333333,0.26746031746031745,0.25666666666666665,0.27777777777777773,0.5,0.5,0.5
142,0.2,0.4,0.3333333333333333,0.40246031746031746,0.5466666666666666,0.611111111111111,1.0,1.0,1.0
143,0.4,0.6,0.3333333333333333,0.4015873015873016,0.2866666666666666,0.1111111111111111,0.3333333333333333,0.3333333333333333,0.3333333333333333
144,0.2,0.4,0.6666666666666666,0.3357936507936508,0.4133333333333333,0.38888888888888884,0.5,0.5,0.5
148,0.4,0.6,0.6666666666666666,0.584920634920635,0.6533333333333333,0.7222222222222222,1.0,1.0,1.0
151,0.3,0.2,0.3333333333333333,0.39107142857142857,0.45666666666666667,0.611111111111111,1.0,1.0,1.0
152,0.3,0.2,0.3333333333333333,0.23650793650793647,0.25666666666666665,0.27777777777777773,0.5,0.5,0.5
153,0.2,0.2,0.3333333333333333,0.20746031746031748,0.15666666666666665,0.1111111111111111,0.3333333333333333,0.3333333333333333,0.3333333333333333
154,0.5,0.6,1.0,0.6598015873015873,0.8699999999999999,1.0,1.0,1.0,1.0
155,0.3,0.2,0.0,0.16746031746031748,0.09,0.0,0.25,0.25,0.0
156,0.2,0.2,0.0,0.15746031746031747,0.09,0.0,0.25,0.25,0.0
159,0.4,0.4,0.3333333333333333,0.40857142857142853,0.4966666666666666,0.611111111111111,1.0,1.0,1.0
160,0.2,0.2,0.3333333333333333,0.24079365079365084,0.25666666666666665,0.27777777777777773,0.5,0.5,0.5
161,0.5,0.8,0.6666666666666666,0.701031746031746,0.8433333333333334,0.8888888888888888,1.0,1.0,1.0
162,0.3,0.4,0.6666666666666666,0.4003571428571428,0.4133333333333333,0.38888888888888884,0.5,0.5,0.5
164,0.4,0.2,0.0,0.20384920634920634,0.04,0.0,0.2,0.2,0.0
165,0.1,0.0,0.0,0.01,0.0,0.0,0.1,0.0,0.0
166,0.4,0.6,0.6666666666666666,0.4303571428571429,0.4533333333333333,0.38888888888888884,0.5,0.5,0.5
167,0.3,0.4,0.0,0.22773809523809524,0.13,0.0,0.25,0.25,0.0
168,0.2,0.0,0.0,0.11246031746031745,0.0,0.0,0.16666666666666666,0.0,0.0
169,0.3,0.4,0.3333333333333333,0.2735714285714286,0.24666666666666667,0.1111111111111111,0.3333333333333333,0.3333333333333333,0.3333333333333333
171,0.3,0.4,0.3333333333333333,0.32535714285714284,0.2966666666666667,0.27777777777777773,0.5,0.5,0.5
174,0.0,0.0,0.0,0.0,0.0,0.0,0.0,0.0,0.0
176,0.4,0.4,0.3333333333333333,0.4589682539682539,0.4966666666666666,0.611111111111111,1.0,1.0,1.0
177,0.2,0.2,0.0,0.14317460317460318,0.09,0.0,0.25,0.25,0.0
178,0.2,0.2,0.3333333333333333,0.3265079365079365,0.45666666666666667,0.611111111111111,1.0,1.0,1.0
179,0.3,0.2,0.3333333333333333,0.24107142857142855,0.15666666666666665,0.1111111111111111,0.3333333333333333,0.3333333333333333,0.3333333333333333
181,0.3,0.4,0.0,0.21523809523809523,0.13,0.0,0.25,0.25,0.0
182,0.2,0.2,0.3333333333333333,0.3574603174603175,0.45666666666666667,0.611111111111111,1.0,1.0,1.0
183,0.4,0.4,0.3333333333333333,0.3520238095238095,0.2966666666666667,0.27777777777777773,0.5,0.5,0.5
184,0.4,0.6,1.0,0.6386904761904761,0.8699999999999999,1.0,1.0,1.0,1.0
185,0.1,0.0,0.0,0.06456349206349207,0.0,0.0,0.16666666666666666,0.0,0.0
186,0.4,0.4,0.3333333333333333,0.308968253968254,0.19666666666666666,0.1111111111111111,0.3333333333333333,0.3333333333333333,0.3333333333333333
187,0.3,0.2,0.3333333333333333,0.2507936507936508,0.25666666666666665,0.27777777777777773,0.5,0.5,0.5
188,0.4,0.6,1.0,0.6498015873015873,0.8699999999999999,1.0,1.0,1.0,1.0
190,0.2,0.4,0.3333333333333333,0.2274603174603175,0.19666666666666666,0.1111111111111111,0.3333333333333333,0.3333333333333333,0.3333333333333333
191,0.1,0.2,0.3333333333333333,0.1428968253968254,0.15666666666666665,0.1111111111111111,0.3333333333333333,0.3333333333333333,0.3333333333333333
193,0.2,0.2,0.3333333333333333,0.3574603174603175,0.45666666666666667,0.611111111111111,1.0,1.0,1.0
195,0.5,0.8,1.0,0.7778174603174602,0.9099999999999999,1.0,1.0,1.0,1.0
197,0.3,0.2,0.3333333333333333,0.36190476190476184,0.45666666666666667,0.611111111111111,1.0,1.0,1.0
198,0.2,0.2,0.0,0.13067460317460317,0.09,0.0,0.25,0.25,0.0
199,0.4,0.8,0.6666666666666666,0.629920634920635,0.7433333333333334,0.7222222222222222,1.0,1.0,1.0
200,0.3,0.4,0.6666666666666666,0.45690476190476187,0.6133333333333333,0.7222222222222222,1.0,1.0,1.0
201,0.3,0.4,0.3333333333333333,0.28746031746031747,0.2966666666666667,0.27777777777777773,0.5,0.5,0.5
202,0.3,0.4,0.3333333333333333,0.4253571428571428,0.4966666666666666,0.611111111111111,1.0,1.0,1.0
203,0.2,0.2,0.3333333333333333,0.3574603174603175,0.45666666666666667,0.611111111111111,1.0,1.0,1.0
204,0.1,0.0,0.0,0.047896825396825396,0.0,0.0,0.14285714285714285,0.0,0.0
209,0.2,0.4,0.3333333333333333,0.3024603174603175,0.3466666666666667,0.27777777777777773,0.5,0.5,0.5
210,0.4,0.8,0.6666666666666666,0.529920634920635,0.5433333333333333,0.38888888888888884,0.5,0.5,0.5
211,0.3,0.4,0.3333333333333333,0.35035714285714287,0.3466666666666667,0.27777777777777773,0.5,0.5,0.5
212,0.2,0.2,0.3333333333333333,0.34079365079365076,0.45666666666666667,0.611111111111111,1.0,1.0,1.0
213,0.3,0.2,0.3333333333333333,0.36190476190476184,0.45666666666666667,0.611111111111111,1.0,1.0,1.0
215,0.4,0.4,0.6666666666666666,0.5405158730158731,0.7133333333333333,0.8888888888888888,1.0,1.0,1.0
216,0.2,0.4,0.0,0.19412698412698412,0.13,0.0,0.25,0.25,0.0
217,0.4,0.4,0.3333333333333333,0.4321825396825397,0.4966666666666666,0.611111111111111,1.0,1.0,1.0
219,0.4,0.6,0.6666666666666666,0.553968253968254,0.6533333333333333,0.7222222222222222,1.0,1.0,1.0
220,0.3,0.4,0.6666666666666666,0.5336904761904762,0.7133333333333333,0.8888888888888888,1.0,1.0,1.0
221,0.1,0.2,0.3333333333333333,0.1928968253968254,0.25666666666666665,0.27777777777777773,0.5,0.5,0.5
222,0.4,0.6,0.3333333333333333,0.4515873015873016,0.3866666666666666,0.27777777777777773,0.5,0.5,0.5
223,0.5,0.4,0.3333333333333333,0.356468253968254,0.2966666666666667,0.27777777777777773,0.5,0.5,0.5
224,0.3,0.4,0.3333333333333333,0.4360714285714285,0.5466666666666666,0.611111111111111,1.0,1.0,1.0
225,0.2,0.2,0.3333333333333333,0.3140079365079365,0.45666666666666667,0.611111111111111,1.0,1.0,1.0
226,0.3,0.2,0.0,0.20773809523809522,0.09,0.0,0.25,0.25,0.0
227,0.3,0.4,0.3333333333333333,0.2860714285714286,0.24666666666666667,0.1111111111111111,0.3333333333333333,0.3333333333333333,0.3333333333333333
229,0.4,0.4,0.6666666666666666,0.390515873015873,0.4133333333333333,0.38888888888888884,0.5,0.5,0.5
230,0.4,0.4,0.6666666666666666,0.5673015873015873,0.7133333333333333,0.8888888888888888,1.0,1.0,1.0
232,0.2,0.4,0.6666666666666666,0.48579365079365083,0.7133333333333333,0.8888888888888888,1.0,1.0,1.0
233,0.0,0.0,0.0,0.0,0.0,0.0,0.0,0.0,0.0
234,0.4,0.6,0.3333333333333333,0.5206349206349207,0.5866666666666667,0.611111111111111,1.0,1.0,1.0
235,0.1,0.2,0.3333333333333333,0.1928968253968254,0.25666666666666665,0.27777777777777773,0.5,0.5,0.5
236,0.3,0.4,0.3333333333333333,0.32357142857142857,0.3466666666666667,0.27777777777777773,0.5,0.5,0.5
238,0.3,0.6,0.6666666666666666,0.4203571428571428,0.4533333333333333,0.38888888888888884,0.5,0.5,0.5
239,0.2,0.2,0.0,0.13067460317460317,0.09,0.0,0.25,0.25,0.0
240,0.2,0.2,0.0,0.1741269841269841,0.09,0.0,0.25,0.25,0.0
241,0.2,0.2,0.3333333333333333,0.17650793650793647,0.15666666666666665,0.1111111111111111,0.3333333333333333,0.3333333333333333,0.3333333333333333
243,0.3,0.2,0.0,0.17857142857142855,0.09,0.0,0.25,0.25,0.0
244,0.4,0.4,0.6666666666666666,0.5714682539682541,0.7133333333333333,0.8888888888888888,1.0,1.0,1.0
246,0.3,0.4,0.3333333333333333,0.4670238095238094,0.5466666666666666,0.611111111111111,1.0,1.0,1.0
247,0.2,0.2,0.0,0.11956349206349207,0.09,0.0,0.25,0.25,0.0
248,0.5,0.8,0.6666666666666666,0.594484126984127,0.5433333333333333,0.38888888888888884,0.5,0.5,0.5
249,0.2,0.0,0.0,0.05789682539682539,0.0,0.0,0.14285714285714285,0.0,0.0
250,0.0,0.0,0.0,0.0,0.0,0.0,0.0,0.0,0.0
251,0.2,0.2,0.0,0.14317460317460318,0.09,0.0,0.25,0.25,0.0
252,0.5,1.0,1.0,0.8228174603174603,1.0,1.0,1.0,1.0,1.0
253,0.2,0.0,0.0,0.0690079365079365,0.0,0.0,0.14285714285714285,0.0,0.0
254,0.3,0.2,0.0,0.1841269841269841,0.09,0.0,0.25,0.25,0.0
256,0.3,0.4,0.3333333333333333,0.3360714285714286,0.3466666666666667,0.27777777777777773,0.5,0.5,0.5
260,0.1,0.2,0.0,0.10956349206349207,0.09,0.0,0.25,0.25,0.0
261,0.3,0.4,0.6666666666666666,0.44579365079365074,0.6133333333333333,0.7222222222222222,1.0,1.0,1.0
263,0.3,0.4,0.6666666666666666,0.44579365079365074,0.6133333333333333,0.7222222222222222,1.0,1.0,1.0
264,0.4,0.6,0.6666666666666666,0.4932539682539683,0.5033333333333333,0.38888888888888884,0.5,0.5,0.5
265,0.1,0.0,0.0,0.06456349206349207,0.0,0.0,0.16666666666666666,0.0,0.0
266,0.1,0.2,0.3333333333333333,0.1928968253968254,0.25666666666666665,0.27777777777777773,0.5,0.5,0.5
267,0.5,1.0,1.0,0.8228174603174603,1.0,1.0,1.0,1.0,1.0
268,0.1,0.2,0.3333333333333333,0.1428968253968254,0.15666666666666665,0.1111111111111111,0.3333333333333333,0.3333333333333333,0.3333333333333333
273,0.2,0.0,0.0,0.0815079365079365,0.0,0.0,0.14285714285714285,0.0,0.0
274,0.3,0.4,0.3333333333333333,0.35035714285714287,0.3466666666666667,0.27777777777777773,0.5,0.5,0.5
275,0.2,0.2,0.3333333333333333,0.34079365079365076,0.45666666666666667,0.611111111111111,1.0,1.0,1.0
276,0.1,0.2,0.3333333333333333,0.2928968253968254,0.45666666666666667,0.611111111111111,1.0,1.0,1.0
279,0.4,0.6,1.0,0.6932539682539682,0.8699999999999999,1.0,1.0,1.0,1.0
280,0.3,0.2,0.3333333333333333,0.36190476190476184,0.45666666666666667,0.611111111111111,1.0,1.0,1.0
282,0.3,0.2,0.3333333333333333,0.22400793650793646,0.25666666666666665,0.27777777777777773,0.5,0.5,0.5
284,0.3,0.2,0.0,0.11567460317460317,0.04,0.0,0.2,0.2,0.0
285,0.3,0.0,0.0,0.09567460317460316,0.0,0.0,0.16666666666666666,0.0,0.0
286,0.1,0.0,0.0,0.01,0.0,0.0,0.1,0.0,0.0
287,0.3,0.2,0.0,0.19702380952380952,0.04,0.0,0.2,0.2,0.0
288,0.2,0.0,0.0,0.07456349206349207,0.0,0.0,0.16666666666666666,0.0,0.0
290,0.3,0.2,0.3333333333333333,0.37440476190476185,0.45666666666666667,0.611111111111111,1.0,1.0,1.0
291,0.3,0.6,0.6666666666666666,0.5703571428571428,0.7533333333333333,0.8888888888888888,1.0,1.0,1.0
292,0.3,0.4,0.3333333333333333,0.4235714285714286,0.5466666666666666,0.611111111111111,1.0,1.0,1.0
294,0.3,0.4,0.0,0.21523809523809523,0.13,0.0,0.25,0.25,0.0
295,0.2,0.2,0.3333333333333333,0.19079365079365077,0.15666666666666665,0.1111111111111111,0.3333333333333333,0.3333333333333333,0.3333333333333333
296,0.2,0.4,0.3333333333333333,0.2774603174603175,0.2966666666666667,0.27777777777777773,0.5,0.5,0.5
297,0.3,0.4,0.3333333333333333,0.3420238095238095,0.2966666666666667,0.27777777777777773,0.5,0.5,0.5
298,0.2,0.2,0.3333333333333333,0.3140079365079365,0.45666666666666667,0.611111111111111,1.0,1.0,1.0
300,0.4,0.2,0.3333333333333333,0.26218253968253963,0.15666666666666665,0.1111111111111111,0.3333333333333333,0.3333333333333333,0.3333333333333333
301,0.3,0.4,0.3333333333333333,0.35035714285714287,0.3466666666666667,0.27777777777777773,0.5,0.5,0.5
302,0.1,0.2,0.3333333333333333,0.1928968253968254,0.25666666666666665,0.27777777777777773,0.5,0.5,0.5
303,0.4,0.8,1.0,0.7382539682539683,0.96,1.0,1.0,1.0,1.0
304,0.2,0.2,0.3333333333333333,0.3265079365079365,0.45666666666666667,0.611111111111111,1.0,1.0,1.0
305,0.3,0.4,0.3333333333333333,0.26107142857142857,0.19666666666666666,0.1111111111111111,0.3333333333333333,0.3333333333333333,0.3333333333333333
306,0.1,0.2,0.3333333333333333,0.2928968253968254,0.45666666666666667,0.611111111111111,1.0,1.0,1.0
307,0.2,0.2,0.3333333333333333,0.2574603174603175,0.25666666666666665,0.27777777777777773,0.5,0.5,0.5
308,0.4,0.6,0.3333333333333333,0.42063492063492064,0.3866666666666666,0.27777777777777773,0.5,0.5,0.5
309,0.4,0.8,0.6666666666666666,0.679920634920635,0.8433333333333334,0.8888888888888888,1.0,1.0,1.0
310,0.3,0.2,0.3333333333333333,0.36190476190476184,0.45666666666666667,0.611111111111111,1.0,1.0,1.0
312,0.5,0.6,0.6666666666666666,0.631031746031746,0.7033333333333334,0.7222222222222222,1.0,1.0,1.0
313,0.2,0.4,0.3333333333333333,0.2774603174603175,0.2966666666666667,0.27777777777777773,0.5,0.5,0.5
314,0.4,0.4,0.3333333333333333,0.3649206349206349,0.24666666666666667,0.1111111111111111,0.3333333333333333,0.3333333333333333,0.3333333333333333
317,0.3,0.2,0.0,0.1841269841269841,0.09,0.0,0.25,0.25,0.0
318,0.4,0.4,0.3333333333333333,0.2835714285714286,0.24666666666666667,0.1111111111111111,0.3333333333333333,0.3333333333333333,0.3333333333333333
319,0.5,0.6,0.6666666666666666,0.6828174603174604,0.7533333333333333,0.8888888888888888,1.0,1.0,1.0
321,0.4,0.4,0.3333333333333333,0.3649206349206349,0.24666666666666667,0.1111111111111111,0.3333333333333333,0.3333333333333333,0.3333333333333333
322,0.3,0.2,0.3333333333333333,0.21190476190476187,0.15666666666666665,0.1111111111111111,0.3333333333333333,0.3333333333333333,0.3333333333333333
323,0.3,0.4,0.3333333333333333,0.3985714285714285,0.4966666666666666,0.611111111111111,1.0,1.0,1.0
325,0.3,0.2,0.3333333333333333,0.2785714285714286,0.25666666666666665,0.27777777777777773,0.5,0.5,0.5
326,0.1,0.2,0.3333333333333333,0.1428968253968254,0.15666666666666665,0.1111111111111111,0.3333333333333333,0.3333333333333333,0.3333333333333333
327,0.1,0.2,0.3333333333333333,0.2928968253968254,0.45666666666666667,0.611111111111111,1.0,1.0,1.0
328,0.2,0.2,0.0,0.13246031746031744,0.04,0.0,0.2,0.2,0.0
330,0.2,0.0,0.0,0.08567460317460318,0.0,0.0,0.16666666666666666,0.0,0.0
331,0.4,0.4,0.3333333333333333,0.2835714285714286,0.24666666666666667,0.1111111111111111,0.3333333333333333,0.3333333333333333,0.3333333333333333
332,0.1,0.2,0.0,0.10956349206349207,0.09,0.0,0.25,0.25,0.0
334,0.3,0.2,0.0,0.1392857142857143,0.04,0.0,0.2,0.2,0.0
336,0.3,0.0,0.0,0.10261904761904761,0.0,0.0,0.14285714285714285,0.0,0.0
337,0.2,0.2,0.3333333333333333,0.2574603174603175,0.25666666666666665,0.27777777777777773,0.5,0.5,0.5
339,0.2,0.2,0.3333333333333333,0.34079365079365076,0.45666666666666667,0.611111111111111,1.0,1.0,1.0
340,0.5,0.6,0.3333333333333333,0.5994841269841269,0.5866666666666667,0.611111111111111,1.0,1.0,1.0
341,0.2,0.0,0.0,0.05789682539682539,0.0,0.0,0.14285714285714285,0.0,0.0
343,0.3,0.2,0.3333333333333333,0.3053571428571428,0.25666666666666665,0.27777777777777773,0.5,0.5,0.5
344,0.3,0.4,0.0,0.25869047619047614,0.13,0.0,0.25,0.25,0.0
345,0.1,0.2,0.3333333333333333,0.2928968253968254,0.45666666666666667,0.611111111111111,1.0,1.0,1.0
346,0.3,0.4,0.3333333333333333,0.4503571428571428,0.5466666666666666,0.611111111111111,1.0,1.0,1.0
347,0.3,0.2,0.3333333333333333,0.36190476190476184,0.45666666666666667,0.611111111111111,1.0,1.0,1.0
348,0.2,0.2,0.0,0.10567460317460317,0.04,0.0,0.2,0.2,0.0
349,0.3,0.4,0.3333333333333333,0.36702380952380953,0.3466666666666667,0.27777777777777773,0.5,0.5,0.5
351,0.4,0.6,0.6666666666666666,0.584920634920635,0.6533333333333333,0.7222222222222222,1.0,1.0,1.0
352,0.3,0.4,0.6666666666666666,0.44579365079365074,0.6133333333333333,0.7222222222222222,1.0,1.0,1.0
353,0.2,0.2,0.0,0.15746031746031747,0.09,0.0,0.25,0.25,0.0
354,0.2,0.2,0.3333333333333333,0.1640079365079365,0.15666666666666665,0.1111111111111111,0.3333333333333333,0.3333333333333333,0.3333333333333333
356,0.2,0.4,0.3333333333333333,0.3024603174603175,0.3466666666666667,0.27777777777777773,0.5,0.5,0.5
357,0.0,0.0,0.0,0.0,0.0,0.0,0.0,0.0,0.0
358,0.5,0.4,0.6666666666666666,0.5582539682539682,0.6133333333333333,0.7222222222222222,1.0,1.0,1.0
359,0.3,0.2,0.3333333333333333,0.22440476190476186,0.15666666666666665,0.1111111111111111,0.3333333333333333,0.3333333333333333,0.3333333333333333
361,0.2,0.2,0.3333333333333333,0.3140079365079365,0.45666666666666667,0.611111111111111,1.0,1.0,1.0
362,0.4,0.6,0.6666666666666666,0.5914682539682541,0.7533333333333333,0.8888888888888888,1.0,1.0,1.0
365,0.3,0.4,0.3333333333333333,0.2860714285714286,0.24666666666666667,0.1111111111111111,0.3333333333333333,0.3333333333333333,0.3333333333333333
366,0.2,0.2,0.0,0.13246031746031744,0.04,0.0,0.2,0.2,0.0
367,0.1,0.2,0.3333333333333333,0.1928968253968254,0.25666666666666665,0.27777777777777773,0.5,0.5,0.5
368,0.5,0.4,0.0,0.31658730158730164,0.13,0.0,0.25,0.25,0.0
369,0.1,0.2,0.3333333333333333,0.1428968253968254,0.15666666666666665,0.1111111111111111,0.3333333333333333,0.3333333333333333,0.3333333333333333
370,0.2,0.2,0.0,0.09456349206349206,0.04,0.0,0.2,0.2,0.0
371,0.4,0.4,0.6666666666666666,0.5405158730158731,0.7133333333333333,0.8888888888888888,1.0,1.0,1.0
372,0.1,0.0,0.0,0.021111111111111112,0.0,0.0,0.1111111111111111,0.0,0.0
373,0.3,0.4,0.3333333333333333,0.35035714285714287,0.3466666666666667,0.27777777777777773,0.5,0.5,0.5
375,0.3,0.4,0.3333333333333333,0.4124603174603174,0.5466666666666666,0.611111111111111,1.0,1.0,1.0
376,0.2,0.2,0.3333333333333333,0.24079365079365084,0.25666666666666665,0.27777777777777773,0.5,0.5,0.5
377,0.2,0.2,0.3333333333333333,0.1640079365079365,0.15666666666666665,0.1111111111111111,0.3333333333333333,0.3333333333333333,0.3333333333333333
378,0.4,0.6,0.3333333333333333,0.5515873015873016,0.5866666666666667,0.611111111111111,1.0,1.0,1.0
380,0.4,0.2,0.3333333333333333,0.26535714285714285,0.15666666666666665,0.1111111111111111,0.3333333333333333,0.3333333333333333,0.3333333333333333
381,0.3,0.2,0.3333333333333333,0.22857142857142856,0.15666666666666665,0.1111111111111111,0.3333333333333333,0.3333333333333333,0.3333333333333333
382,0.5,0.4,0.3333333333333333,0.511031746031746,0.4966666666666666,0.611111111111111,1.0,1.0,1.0
383,0.3,0.4,0.6666666666666666,0.4836904761904761,0.6133333333333333,0.7222222222222222,1.0,1.0,1.0
384,0.1,0.0,0.0,0.06456349206349207,0.0,0.0,0.16666666666666666,0.0,0.0
385,0.3,0.2,0.0,0.15912698412698412,0.04,0.0,0.2,0.2,0.0
387,0.2,0.4,0.3333333333333333,0.40246031746031746,0.5466666666666666,0.611111111111111,1.0,1.0,1.0
389,0.2,0.0,0.0,0.03111111111111111,0.0,0.0,0.1111111111111111,0.0,0.0
390,0.3,0.4,0.3333333333333333,0.31107142857142855,0.2966666666666667,0.27777777777777773,0.5,0.5,0.5
391,0.3,0.6,0.6666666666666666,0.4203571428571428,0.4533333333333333,0.38888888888888884,0.5,0.5,0.5
393,0.5,0.4,0.6666666666666666,0.531468253968254,0.6133333333333333,0.7222222222222222,1.0,1.0,1.0
398,0.3,0.4,0.3333333333333333,0.4503571428571428,0.5466666666666666,0.611111111111111,1.0,1.0,1.0
399,0.4,0.6,0.6666666666666666,0.603968253968254,0.7533333333333333,0.8888888888888888,1.0,1.0,1.0
400,0.3,0.2,0.0,0.19107142857142856,0.09,0.0,0.25,0.25,0.0
401,0.3,0.4,0.6666666666666666,0.44579365079365074,0.6133333333333333,0.7222222222222222,1.0,1.0,1.0
402,0.3,0.4,0.6666666666666666,0.46940476190476177,0.6133333333333333,0.7222222222222222,1.0,1.0,1.0
404,0.4,0.2,0.0,0.1492857142857143,0.04,0.0,0.2,0.2,0.0
405,0.3,0.2,0.3333333333333333,0.1740079365079365,0.15666666666666665,0.1111111111111111,0.3333333333333333,0.3333333333333333,0.3333333333333333
408,0.4,0.6,0.6666666666666666,0.6289682539682541,0.8033333333333333,0.8888888888888888,1.0,1.0,1.0
409,0.1,0.2,0.0,0.10956349206349207,0.09,0.0,0.25,0.25,0.0
410,0.2,0.2,0.3333333333333333,0.19079365079365077,0.15666666666666665,0.1111111111111111,0.3333333333333333,0.3333333333333333,0.3333333333333333
411,0.2,0.2,0.3333333333333333,0.20746031746031748,0.15666666666666665,0.1111111111111111,0.3333333333333333,0.3333333333333333,0.3333333333333333
412,0.3,0.4,0.3333333333333333,0.31107142857142855,0.2966666666666667,0.27777777777777773,0.5,0.5,0.5
413,0.1,0.2,0.0,0.08456349206349206,0.04,0.0,0.2,0.2,0.0
414,0.2,0.2,0.3333333333333333,0.19079365079365077,0.15666666666666665,0.1111111111111111,0.3333333333333333,0.3333333333333333,0.3333333333333333
415,0.2,0.0,0.0,0.05789682539682539,0.0,0.0,0.14285714285714285,0.0,0.0
416,0.4,0.2,0.3333333333333333,0.23857142857142857,0.15666666666666665,0.1111111111111111,0.3333333333333333,0.3333333333333333,0.3333333333333333
417,0.2,0.2,0.3333333333333333,0.1528968253968254,0.15666666666666665,0.1111111111111111,0.3333333333333333,0.3333333333333333,0.3333333333333333
418,0.2,0.4,0.6666666666666666,0.3357936507936508,0.4133333333333333,0.38888888888888884,0.5,0.5,0.5
419,0.2,0.4,0.3333333333333333,0.37746031746031744,0.4966666666666666,0.611111111111111,1.0,1.0,1.0
420,0.1,0.0,0.0,0.047896825396825396,0.0,0.0,0.14285714285714285,0.0,0.0
421,0.1,0.2,0.3333333333333333,0.1928968253968254,0.25666666666666665,0.27777777777777773,0.5,0.5,0.5
422,0.3,0.4,0.3333333333333333,0.4124603174603174,0.5466666666666666,0.611111111111111,1.0,1.0,1.0
424,0.2,0.2,0.3333333333333333,0.3028968253968254,0.45666666666666667,0.611111111111111,1.0,1.0,1.0
425,0.3,0.4,0.3333333333333333,0.4503571428571428,0.5466666666666666,0.611111111111111,1.0,1.0,1.0
426,0.4,0.8,1.0,0.7382539682539683,0.96,1.0,1.0,1.0,1.0
427,0.3,0.4,0.6666666666666666,0.4836904761904761,0.6133333333333333,0.7222222222222222,1.0,1.0,1.0
428,0.2,0.2,0.3333333333333333,0.1528968253968254,0.15666666666666665,0.1111111111111111,0.3333333333333333,0.3333333333333333,0.3333333333333333
429,0.2,0.2,0.3333333333333333,0.2140079365079365,0.25666666666666665,0.27777777777777773,0.5,0.5,0.5
430,0.3,0.4,0.6666666666666666,0.34579365079365076,0.4133333333333333,0.38888888888888884,0.5,0.5,0.5
432,0.2,0.0,0.0,0.03111111111111111,0.0,0.0,0.1111111111111111,0.0,0.0
434,0.4,0.8,1.0,0.7382539682539683,0.96,1.0,1.0,1.0,1.0
435,0.2,0.4,0.6666666666666666,0.48579365079365083,0.7133333333333333,0.8888888888888888,1.0,1.0,1.0
436,0.3,0.4,0.3333333333333333,0.4503571428571428,0.5466666666666666,0.611111111111111,1.0,1.0,1.0
437,0.1,0.2,0.0,0.08456349206349206,0.04,0.0,0.2,0.2,0.0
438,0.3,0.6,0.3333333333333333,0.4870238095238094,0.5866666666666667,0.611111111111111,1.0,1.0,1.0
440,0.4,0.8,0.6666666666666666,0.679920634920635,0.8433333333333334,0.8888888888888888,1.0,1.0,1.0
441,0.2,0.2,0.3333333333333333,0.3028968253968254,0.45666666666666667,0.611111111111111,1.0,1.0,1.0
443,0.2,0.2,0.0,0.13246031746031744,0.04,0.0,0.2,0.2,0.0
444,0.4,0.4,0.6666666666666666,0.521468253968254,0.6133333333333333,0.7222222222222222,1.0,1.0,1.0
445,0.3,0.2,0.3333333333333333,0.29107142857142854,0.25666666666666665,0.27777777777777773,0.5,0.5,0.5
446,0.3,0.4,0.3333333333333333,0.32357142857142857,0.3466666666666667,0.27777777777777773,0.5,0.5,0.5
447,0.5,0.8,0.6666666666666666,0.594484126984127,0.5433333333333333,0.38888888888888884,0.5,0.5,0.5
448,0.2,0.0,0.0,0.05472222222222223,0.0,0.0,0.125,0.0,0.0
450,0.3,0.2,0.0,0.19523809523809524,0.09,0.0,0.25,0.25,0.0
451,0.2,0.4,0.6666666666666666,0.48579365079365083,0.7133333333333333,0.8888888888888888,1.0,1.0,1.0
452,0.3,0.2,0.0,0.1841269841269841,0.09,0.0,0.25,0.25,0.0
453,0.2,0.2,0.3333333333333333,0.1640079365079365,0.15666666666666665,0.1111111111111111,0.3333333333333333,0.3333333333333333,0.3333333333333333
454,0.3,0.4,0.3333333333333333,0.4360714285714285,0.5466666666666666,0.611111111111111,1.0,1.0,1.0
455,0.3,0.4,0.6666666666666666,0.4957936507936508,0.7133333333333333,0.8888888888888888,1.0,1.0,1.0
456,0.2,0.2,0.0,0.11817460317460318,0.04,0.0,0.2,0.2,0.0
457,0.4,0.6,0.3333333333333333,0.434920634920635,0.3866666666666666,0.27777777777777773,0.5,0.5,0.5
458,0.3,0.6,0.3333333333333333,0.4870238095238094,0.5866666666666667,0.611111111111111,1.0,1.0,1.0
459,0.2,0.4,0.6666666666666666,0.48579365079365083,0.7133333333333333,0.8888888888888888,1.0,1.0,1.0
460,0.2,0.4,0.3333333333333333,0.2274603174603175,0.19666666666666666,0.1111111111111111,0.3333333333333333,0.3333333333333333,0.3333333333333333
462,0.2,0.4,0.3333333333333333,0.2524603174603175,0.24666666666666667,0.1111111111111111,0.3333333333333333,0.3333333333333333,0.3333333333333333
464,0.2,0.4,0.3333333333333333,0.2774603174603175,0.2966666666666667,0.27777777777777773,0.5,0.5,0.5
465,0.3,0.6,0.3333333333333333,0.3370238095238095,0.2866666666666666,0.1111111111111111,0.3333333333333333,0.3333333333333333,0.3333333333333333
466,0.3,0.4,0.0,0.22773809523809524,0.13,0.0,0.25,0.25,0.0
469,0.1,0.2,0.3333333333333333,0.2928968253968254,0.45666666666666667,0.611111111111111,1.0,1.0,1.0
470,0.4,0.4,0.3333333333333333,0.2960714285714286,0.24666666666666667,0.1111111111111111,0.3333333333333333,0.3333333333333333,0.3333333333333333
472,0.2,0.2,0.3333333333333333,0.34079365079365076,0.45666666666666667,0.611111111111111,1.0,1.0,1.0
474,0.3,0.2,0.0,0.12817460317460316,0.04,0.0,0.2,0.2,0.0
475,0.3,0.2,0.3333333333333333,0.21190476190476187,0.15666666666666665,0.1111111111111111,0.3333333333333333,0.3333333333333333,0.3333333333333333
476,0.1,0.2,0.3333333333333333,0.2928968253968254,0.45666666666666667,0.611111111111111,1.0,1.0,1.0
477,0.1,0.2,0.3333333333333333,0.1928968253968254,0.25666666666666665,0.27777777777777773,0.5,0.5,0.5
479,0.2,0.2,0.0,0.13067460317460317,0.09,0.0,0.25,0.25,0.0
480,0.2,0.4,0.3333333333333333,0.40246031746031746,0.5466666666666666,0.611111111111111,1.0,1.0,1.0
482,0.1,0.2,0.0,0.08456349206349206,0.04,0.0,0.2,0.2,0.0
483,0.1,0.2,0.3333333333333333,0.1928968253968254,0.25666666666666665,0.27777777777777773,0.5,0.5,0.5
484,0.5,0.6,0.6666666666666666,0.5000793650793651,0.5033333333333333,0.38888888888888884,0.5,0.5,0.5
486,0.3,0.2,0.0,0.19523809523809524,0.09,0.0,0.25,0.25,0.0
488,0.1,0.0,0.0,0.047896825396825396,0.0,0.0,0.14285714285714285,0.0,0.0
489,0.3,0.2,0.3333333333333333,0.37857142857142856,0.45666666666666667,0.611111111111111,1.0,1.0,1.0
490,0.2,0.4,0.3333333333333333,0.37746031746031744,0.4966666666666666,0.611111111111111,1.0,1.0,1.0
491,0.3,0.4,0.6666666666666666,0.5503571428571428,0.7133333333333333,0.8888888888888888,1.0,1.0,1.0
492,0.4,0.6,1.0,0.6765873015873016,0.8699999999999999,1.0,1.0,1.0,1.0
493,0.3,0.4,0.6666666666666666,0.34579365079365076,0.4133333333333333,0.38888888888888884,0.5,0.5,0.5
495,0.2,0.2,0.0,0.15746031746031747,0.09,0.0,0.25,0.25,0.0
497,0.1,0.0,0.0,0.06456349206349207,0.0,0.0,0.16666666666666666,0.0,0.0
498,0.2,0.2,0.0,0.11817460317460318,0.04,0.0,0.2,0.2,0.0
500,0.3,0.2,0.0,0.12817460317460316,0.04,0.0,0.2,0.2,0.0
503,0.2,0.2,0.3333333333333333,0.24079365079365084,0.25666666666666665,0.27777777777777773,0.5,0.5,0.5
504,0.3,0.2,0.0,0.17023809523809524,0.04,0.0,0.2,0.2,0.0
505,0.4,0.6,1.0,0.6932539682539682,0.8699999999999999,1.0,1.0,1.0,1.0
509,0.4,0.6,0.6666666666666666,0.659920634920635,0.8033333333333333,0.8888888888888888,1.0,1.0,1.0
510,0.2,0.2,0.0,0.13067460317460317,0.09,0.0,0.25,0.25,0.0
511,0.4,0.4,0.6666666666666666,0.46690476190476193,0.6133333333333333,0.7222222222222222,1.0,1.0,1.0
512,0.1,0.0,0.0,0.047896825396825396,0.0,0.0,0.14285714285714285,0.0,0.0
513,0.1,0.2,0.3333333333333333,0.2928968253968254,0.45666666666666667,0.611111111111111,1.0,1.0,1.0
514,0.2,0.2,0.3333333333333333,0.3265079365079365,0.45666666666666667,0.611111111111111,1.0,1.0,1.0
515,0.3,0.2,0.3333333333333333,0.2507936507936508,0.25666666666666665,0.27777777777777773,0.5,0.5,0.5
517,0.2,0.2,0.0,0.11956349206349207,0.09,0.0,0.25,0.25,0.0
519,0.4,0.4,0.3333333333333333,0.489920634920635,0.4966666666666666,0.611111111111111,1.0,1.0,1.0
520,0.2,0.2,0.3333333333333333,0.20746031746031748,0.15666666666666665,0.1111111111111111,0.3333333333333333,0.3333333333333333,0.3333333333333333
521,0.2,0.2,0.3333333333333333,0.2140079365079365,0.25666666666666665,0.27777777777777773,0.5,0.5,0.5
522,0.2,0.2,0.3333333333333333,0.24079365079365084,0.25666666666666665,0.27777777777777773,0.5,0.5,0.5
523,0.4,0.4,0.3333333333333333,0.489920634920635,0.4966666666666666,0.611111111111111,1.0,1.0,1.0
524,0.5,0.6,0.6666666666666666,0.594920634920635,0.6533333333333333,0.7222222222222222,1.0,1.0,1.0
525,0.1,0.0,0.0,0.01,0.0,0.0,0.1,0.0,0.0
526,0.2,0.2,0.0,0.13246031746031744,0.04,0.0,0.2,0.2,0.0
527,0.3,0.4,0.3333333333333333,0.44202380952380943,0.4966666666666666,0.611111111111111,1.0,1.0,1.0
528,0.3,0.4,0.3333333333333333,0.4360714285714285,0.5466666666666666,0.611111111111111,1.0,1.0,1.0
532,0.4,0.6,1.0,0.6498015873015873,0.8699999999999999,1.0,1.0,1.0,1.0
533,0.3,0.4,0.6666666666666666,0.5194047619047619,0.7133333333333333,0.8888888888888888,1.0,1.0,1.0
534,0.2,0.4,0.6666666666666666,0.48579365079365083,0.7133333333333333,0.8888888888888888,1.0,1.0,1.0
537,0.5,0.4,0.6666666666666666,0.5273015873015873,0.6133333333333333,0.7222222222222222,1.0,1.0,1.0
538,0.5,0.4,0.6666666666666666,0.43841269841269837,0.4133333333333333,0.38888888888888884,0.5,0.5,0.5
540,0.3,0.4,0.3333333333333333,0.3985714285714285,0.4966666666666666,0.611111111111111,1.0,1.0,1.0
541,0.2,0.2,0.0,0.1741269841269841,0.09,0.0,0.25,0.25,0.0
542,0.3,0.6,0.3333333333333333,0.4870238095238094,0.5866666666666667,0.611111111111111,1.0,1.0,1.0
543,0.3,0.4,0.3333333333333333,0.3360714285714286,0.3466666666666667,0.27777777777777773,0.5,0.5,0.5
546,0.2,0.4,0.6666666666666666,0.43579365079365073,0.6133333333333333,0.7222222222222222,1.0,1.0,1.0
550,0.4,0.4,0.6666666666666666,0.47940476190476183,0.6133333333333333,0.7222222222222222,1.0,1.0,1.0
551,0.3,0.4,0.6666666666666666,0.4836904761904761,0.6133333333333333,0.7222222222222222,1.0,1.0,1.0
552,0.3,0.6,0.6666666666666666,0.5203571428571429,0.6533333333333333,0.7222222222222222,1.0,1.0,1.0
553,0.4,0.6,0.6666666666666666,0.659920634920635,0.8033333333333333,0.8888888888888888,1.0,1.0,1.0
554,0.1,0.2,0.3333333333333333,0.2928968253968254,0.45666666666666667,0.611111111111111,1.0,1.0,1.0
555,0.2,0.2,0.3333333333333333,0.17650793650793647,0.15666666666666665,0.1111111111111111,0.3333333333333333,0.3333333333333333,0.3333333333333333
556,0.5,0.6,0.3333333333333333,0.406031746031746,0.2866666666666666,0.1111111111111111,0.3333333333333333,0.3333333333333333,0.3333333333333333
558,0.3,0.2,0.0,0.1392857142857143,0.04,0.0,0.2,0.2,0.0
559,0.1,0.0,0.0,0.06456349206349207,0.0,0.0,0.16666666666666666,0.0,0.0
560,0.2,0.2,0.3333333333333333,0.17650793650793647,0.15666666666666665,0.1111111111111111,0.3333333333333333,0.3333333333333333,0.3333333333333333
561,0.2,0.4,0.0,0.19412698412698412,0.13,0.0,0.25,0.25,0.0
562,0.2,0.2,0.3333333333333333,0.24079365079365084,0.25666666666666665,0.27777777777777773,0.5,0.5,0.5
563,0.3,0.4,0.6666666666666666,0.5336904761904762,0.7133333333333333,0.8888888888888888,1.0,1.0,1.0
564,0.4,0.6,0.3333333333333333,0.5515873015873016,0.5866666666666667,0.611111111111111,1.0,1.0,1.0
566,0.2,0.2,0.0,0.1741269841269841,0.09,0.0,0.25,0.25,0.0
567,0.1,0.2,0.3333333333333333,0.1428968253968254,0.15666666666666665,0.1111111111111111,0.3333333333333333,0.3333333333333333,0.3333333333333333
570,0.3,0.4,0.6666666666666666,0.5503571428571428,0.7133333333333333,0.8888888888888888,1.0,1.0,1.0
571,0.4,0.4,0.6666666666666666,0.533968253968254,0.6133333333333333,0.7222222222222222,1.0,1.0,1.0
572,0.3,0.6,0.6666666666666666,0.5203571428571429,0.6533333333333333,0.7222222222222222,1.0,1.0,1.0
573,0.3,0.2,0.3333333333333333,0.2619047619047619,0.25666666666666665,0.27777777777777773,0.5,0.5,0.5
577,0.3,0.2,0.3333333333333333,0.37857142857142856,0.45666666666666667,0.611111111111111,1.0,1.0,1.0
578,0.1,0.2,0.3333333333333333,0.2928968253968254,0.45666666666666667,0.611111111111111,1.0,1.0,1.0
579,0.4,0.4,0.3333333333333333,0.25857142857142856,0.19666666666666666,0.1111111111111111,0.3333333333333333,0.3333333333333333,0.3333333333333333
580,0.4,0.4,0.3333333333333333,0.47563492063492063,0.4966666666666666,0.611111111111111,1.0,1.0,1.0
581,0.0,0.0,0.0,0.0,0.0,0.0,0.0,0.0,0.0
582,0.4,0.4,0.6666666666666666,0.5673015873015873,0.7133333333333333,0.8888888888888888,1.0,1.0,1.0
584,0.3,0.4,0.3333333333333333,0.26107142857142857,0.19666666666666666,0.1111111111111111,0.3333333333333333,0.3333333333333333,0.3333333333333333
585,0.4,0.4,0.6666666666666666,0.5982539682539683,0.7133333333333333,0.8888888888888888,1.0,1.0,1.0
586,0.4,0.6,0.6666666666666666,0.6053571428571429,0.8033333333333333,0.8888888888888888,1.0,1.0,1.0
587,0.3,0.2,0.3333333333333333,0.2785714285714286,0.25666666666666665,0.27777777777777773,0.5,0.5,0.5
589,0.5,0.4,0.3333333333333333,0.34674603174603175,0.19666666666666666,0.1111111111111111,0.3333333333333333,0.3333333333333333,0.3333333333333333
590,0.2,0.4,0.0,0.19412698412698412,0.13,0.0,0.25,0.25,0.0
591,0.2,0.4,0.6666666666666666,0.3357936507936508,0.4133333333333333,0.38888888888888884,0.5,0.5,0.5
592,0.2,0.4,0.3333333333333333,0.2774603174603175,0.2966666666666667,0.27777777777777773,0.5,0.5,0.5
593,0.3,0.6,0.6666666666666666,0.5953571428571428,0.8033333333333333,0.8888888888888888,1.0,1.0,1.0
594,0.3,0.2,0.3333333333333333,0.3365079365079365,0.45666666666666667,0.611111111111111,1.0,1.0,1.0
596,0.4,0.8,1.0,0.7132539682539683,0.9099999999999999,1.0,1.0,1.0,1.0
597,0.1,0.0,0.0,0.047896825396825396,0.0,0.0,0.14285714285714285,0.0,0.0
599,0.3,0.2,0.0,0.14246031746031745,0.04,0.0,0.2,0.2,0.0
600,0.1,0.2,0.0,0.10956349206349207,0.09,0.0,0.25,0.25,0.0
601,0.3,0.6,0.3333333333333333,0.3370238095238095,0.2866666666666666,0.1111111111111111,0.3333333333333333,0.3333333333333333,0.3333333333333333
602,0.2,0.4,0.3333333333333333,0.37746031746031744,0.4966666666666666,0.611111111111111,1.0,1.0,1.0
603,0.3,0.2,0.3333333333333333,0.3365079365079365,0.45666666666666667,0.611111111111111,1.0,1.0,1.0
604,0.2,0.2,0.0,0.1741269841269841,0.09,0.0,0.25,0.25,0.0
605,0.4,0.2,0.0,0.18023809523809523,0.04,0.0,0.2,0.2,0.0
606,0.3,0.4,0.6666666666666666,0.4003571428571428,0.4133333333333333,0.38888888888888884,0.5,0.5,0.5
607,0.2,0.4,0.3333333333333333,0.37746031746031744,0.4966666666666666,0.611111111111111,1.0,1.0,1.0
608,0.1,0.2,0.3333333333333333,0.1428968253968254,0.15666666666666665,0.1111111111111111,0.3333333333333333,0.3333333333333333,0.3333333333333333
610,0.5,0.4,0.3333333333333333,0.42174603174603176,0.3466666666666667,0.27777777777777773,0.5,0.5,0.5
